Date,Tendencia_7d,Tendencia_50d,Forca_Tendencia,Forca_Movimento,Velas_Alta_Consecutivas
2021-01-08,Baixa,Baixa,,0.58,1
2021-01-11,Baixa,Baixa,,-0.16,0
2021-01-12,Alta,Alta,,0.46,1
2021-01-13,Alta,Alta,,0.85,2
2021-01-14,Alta,Alta,,-0.21,0
2021-01-15,Alta,Alta,21.11,-0.26,0
2021-01-19,Alta,Alta,27.96,0.20,1
2021-01-20,Alta,Alta,29.57,-0.57,0
2021-01-21,Alta,Alta,16.65,0.48,1
2021-01-22,Alta,Alta,16.41,0.78,2
2021-01-25,Alta,Alta,23.93,0.51,3
2021-01-26,Alta,Alta,28.17,0.21,4
2021-01-27,Alta,Alta,30.64,0.04,5
2021-01-28,Alta,Alta,30.99,-0.52,0
2021-01-29,Baixa,Alta,26.06,-0.53,0
2021-02-01,Baixa,Alta,16.34,-0.31,0
2021-02-02,Baixa,Alta,9.94,0.48,1
2021-02-03,Baixa,Alta,7.24,-0.06,0
2021-02-04,Alta,Alta,5.74,-0.45,0
2021-02-05,Alta,Alta,7.10,0.87,1
2021-02-08,Alta,Alta,9.11,-0.02,0
2021-02-09,Alta,Alta,10.08,-0.04,0
2021-02-10,Alta,Alta,10.62,-0.50,0
2021-02-11,Alta,Alta,11.09,0.16,1
2021-02-12,Alta,Alta,9.82,-0.11,0
2021-02-16,Alta,Alta,8.82,0.22,1
2021-02-17,Baixa,Alta,7.75,-0.15,0
2021-02-18,Baixa,Alta,7.03,-0.34,0
2021-02-19,Baixa,Alta,6.06,-0.53,0
2021-02-22,Baixa,Alta,4.60,-0.61,0
2021-02-23,Baixa,Baixa,2.76,0.03,1
2021-02-24,Baixa,Alta,1.69,0.92,2
2021-02-25,Baixa,Baixa,0.61,-0.47,0
2021-02-26,Baixa,Baixa,-0.29,-0.43,0
2021-03-01,Baixa,Baixa,-0.48,-0.13,0
2021-03-02,Alta,Alta,0.26,-0.29,0
2021-03-03,Alta,Alta,0.19,-0.58,0
2021-03-04,Baixa,Baixa,0.20,-0.29,0
2021-03-05,Baixa,Baixa,0.26,-0.15,0
2021-03-08,Baixa,Baixa,0.32,0.26,1
2021-03-09,Baixa,Baixa,-0.29,-0.37,0
2021-03-10,Baixa,Baixa,-0.47,-0.56,0
2021-03-11,Alta,Baixa,-0.37,-0.11,0
2021-03-12,Alta,Baixa,-0.21,0.25,1
2021-03-15,Baixa,Baixa,-0.30,-0.61,0
2021-03-16,Baixa,Baixa,-0.45,-0.58,0
2021-03-17,Baixa,Baixa,-0.60,-0.47,0
2021-03-18,Baixa,Baixa,-0.90,-0.30,0
2021-03-19,Baixa,Baixa,-1.17,-0.26,0
2021-03-22,Baixa,Baixa,-1.24,0.48,1
2021-03-23,Baixa,Baixa,-0.29,-0.47,0
2021-03-24,Baixa,Baixa,0.55,-0.99,0
2021-03-25,Baixa,Baixa,1.40,-0.04,0
2021-03-26,Baixa,Baixa,1.69,-0.13,0
2021-03-29,Baixa,Baixa,1.99,-0.48,0
2021-03-30,Baixa,Baixa,1.26,-0.50,0
2021-03-31,Alta,Baixa,0.76,0.38,1
2021-04-01,Alta,Baixa,0.55,0.28,2
2021-04-05,Alta,Baixa,0.65,-0.53,0
2021-04-06,Alta,Baixa,0.23,-0.26,0
2021-04-07,Alta,Baixa,-0.84,0.39,1
2021-04-08,Baixa,Baixa,-2.05,-0.54,0
2021-04-09,Baixa,Baixa,-3.13,-0.51,0
2021-04-12,Baixa,Baixa,-3.96,-0.48,0
2021-04-13,Baixa,Baixa,-4.23,-0.78,0
2021-04-14,Baixa,Baixa,-3.85,-1.00,0
2021-04-15,Baixa,Baixa,-3.56,0.08,1
2021-04-16,Baixa,Baixa,-3.60,-0.10,0
2021-04-19,Baixa,Baixa,-3.67,0.24,1
2021-04-20,Baixa,Baixa,-4.61,-0.55,0
2021-04-21,Alta,Baixa,-5.52,0.66,1
2021-04-22,Baixa,Baixa,-6.31,-0.53,0
2021-04-23,Alta,Baixa,-6.84,0.93,1
2021-04-26,Alta,Baixa,-7.28,0.52,2
2021-04-27,Alta,Baixa,-7.01,0.11,3
2021-04-28,Alta,Baixa,-6.79,0.63,4
2021-04-29,Alta,Baixa,-6.33,0.00,0
2021-04-30,Alta,Baixa,-6.16,-0.94,0
2021-05-03,Baixa,Baixa,-5.99,-0.26,0
2021-05-04,Baixa,Baixa,-5.52,-0.17,0
2021-05-05,Baixa,Baixa,-4.90,-0.15,0
2021-05-06,Baixa,Baixa,-4.78,-0.29,0
2021-05-07,Baixa,Baixa,-4.39,0.41,1
2021-05-10,Baixa,Baixa,-4.07,-0.31,0
2021-05-11,Baixa,Baixa,-4.21,-0.02,0
2021-05-12,Baixa,Baixa,-5.16,-0.14,0
2021-05-13,Baixa,Baixa,-5.41,-0.50,0
2021-05-14,Baixa,Baixa,-5.64,0.44,1
2021-05-17,Baixa,Baixa,-5.81,0.89,2
2021-05-18,Alta,Baixa,-5.86,0.44,3
2021-05-19,Baixa,Baixa,-5.41,0.00,0
2021-05-20,Alta,Baixa,-5.21,0.57,1
2021-05-21,Alta,Baixa,-5.33,0.00,0
2021-05-24,Alta,Baixa,-5.48,0.11,1
2021-05-25,Baixa,Baixa,-5.48,-0.73,0
2021-05-26,Alta,Baixa,-5.26,0.33,1
2021-05-27,Alta,Baixa,-4.88,0.65,2
2021-05-28,Alta,Alta,-4.06,0.64,3
2021-06-01,Alta,Alta,-3.40,-0.44,0
2021-06-02,Baixa,Baixa,-3.14,-0.45,0
2021-06-03,Baixa,Baixa,-2.86,0.11,1
2021-06-04,Baixa,Baixa,-2.55,-0.18,0
2021-06-07,Baixa,Baixa,-2.61,-0.62,0
2021-06-08,Baixa,Baixa,-2.46,-0.22,0
2021-06-09,Baixa,Baixa,-2.02,-0.07,0
2021-06-10,Alta,Baixa,-1.49,-0.38,0
2021-06-11,Alta,Alta,-1.40,0.58,1
2021-06-14,Alta,Alta,-1.44,0.69,2
2021-06-15,Alta,Alta,-1.43,-0.73,0
2021-06-16,Alta,Alta,-1.40,0.18,1
2021-06-17,Alta,Alta,-1.52,0.37,2
2021-06-18,Alta,Alta,-1.47,-0.58,0
2021-06-21,Baixa,Alta,-1.27,-0.44,0
2021-06-22,Alta,Alta,-0.98,0.06,1
2021-06-23,Alta,Alta,-0.64,0.17,2
2021-06-24,Alta,Alta,-0.12,-0.33,0
2021-06-25,Baixa,Alta,0.28,-0.82,0
2021-06-28,Baixa,Alta,0.64,0.00,0
2021-06-29,Baixa,Alta,0.72,-0.33,0
2021-06-30,Baixa,Alta,0.96,-0.25,0
2021-07-01,Alta,Alta,0.87,1.00,1
2021-07-02,Alta,Alta,0.98,-0.12,0
2021-07-06,Baixa,Baixa,0.76,-0.77,0
2021-07-07,Baixa,Baixa,0.36,-0.15,0
2021-07-08,Baixa,Baixa,-0.45,-0.40,0
2021-07-09,Baixa,Baixa,-1.23,0.77,1
2021-07-12,Baixa,Baixa,-2.08,-0.01,0
2021-07-13,Baixa,Baixa,-2.61,-0.33,0
2021-07-14,Baixa,Baixa,-2.96,-0.82,0
2021-07-15,Baixa,Baixa,-3.12,-0.59,0
2021-07-16,Baixa,Baixa,-3.19,-0.40,0
2021-07-19,Baixa,Baixa,-3.14,0.50,1
2021-07-20,Baixa,Baixa,-3.08,0.60,2
2021-07-21,Alta,Baixa,-2.74,0.53,3
2021-07-22,Alta,Baixa,-2.14,0.22,4
2021-07-23,Alta,Baixa,-1.41,0.20,5
2021-07-26,Alta,Baixa,-0.79,-0.45,0
2021-07-27,Baixa,Baixa,-0.50,-0.49,0
2021-07-28,Baixa,Baixa,-0.41,-0.08,0
2021-07-29,Baixa,Baixa,-0.79,0.09,1
2021-07-30,Baixa,Baixa,-1.58,0.00,0
2021-08-02,Baixa,Baixa,-2.45,-0.36,0
2021-08-03,Baixa,Baixa,-3.08,0.11,1
2021-08-04,Baixa,Baixa,-3.79,-0.39,0
2021-08-05,Baixa,Baixa,-4.22,0.44,1
2021-08-06,Baixa,Baixa,-4.34,0.37,2
2021-08-09,Alta,Baixa,-4.59,-0.42,0
2021-08-10,Baixa,Baixa,-5.21,-0.86,0
2021-08-11,Baixa,Baixa,-5.66,-0.70,0
2021-08-12,Baixa,Baixa,-5.96,0.65,1
2021-08-13,Baixa,Baixa,-6.33,-0.93,0
2021-08-16,Baixa,Baixa,-6.58,-0.84,0
2021-08-17,Baixa,Baixa,-6.42,-0.23,0
2021-08-18,Baixa,Baixa,-6.34,0.32,1
2021-08-19,Baixa,Baixa,-6.57,-0.46,0
2021-08-20,Baixa,Baixa,-6.80,0.20,1
2021-08-23,Alta,Baixa,-7.09,0.77,2
2021-08-24,Alta,Baixa,-7.52,-0.57,0
2021-08-25,Alta,Baixa,-7.86,0.36,1
2021-08-26,Baixa,Baixa,-8.18,-0.83,0
2021-08-27,Baixa,Baixa,-8.63,-0.14,0
2021-08-30,Alta,Baixa,-8.82,0.25,1
2021-08-31,Alta,Baixa,-8.79,0.47,2
2021-09-01,Alta,Baixa,-8.98,-0.42,0
2021-09-02,Alta,Baixa,-9.08,-0.34,0
2021-09-03,Alta,Baixa,-8.81,0.58,1
2021-09-07,Alta,Baixa,-8.45,0.15,2
2021-09-08,Alta,Baixa,-8.24,-0.28,0
2021-09-09,Alta,Baixa,-7.89,-0.05,0
2021-09-10,Alta,Baixa,-7.59,-0.53,0
2021-09-13,Baixa,Baixa,-7.75,-0.47,0
2021-09-14,Baixa,Baixa,-8.08,-0.77,0
2021-09-15,Baixa,Baixa,-8.13,-0.16,0
2021-09-16,Baixa,Baixa,-8.23,-0.47,0
2021-09-17,Baixa,Baixa,-7.98,0.82,1
2021-09-20,Baixa,Baixa,-7.91,-0.41,0
2021-09-21,Baixa,Baixa,-7.82,-0.11,0
2021-09-22,Baixa,Baixa,-7.71,0.09,1
2021-09-23,Alta,Baixa,-7.15,0.69,2
2021-09-24,Alta,Baixa,-6.76,0.20,3
2021-09-27,Alta,Alta,-5.83,0.64,4
2021-09-28,Alta,Baixa,-4.91,-0.55,0
2021-09-29,Baixa,Baixa,-4.51,-0.66,0
2021-09-30,Baixa,Baixa,-4.76,-0.25,0
2021-10-01,Baixa,Baixa,-5.39,0.33,1
2021-10-04,Baixa,Baixa,-6.36,-0.17,0
2021-10-05,Baixa,Baixa,-7.16,-0.22,0
2021-10-06,Baixa,Baixa,-7.48,-0.60,0
2021-10-07,Baixa,Baixa,-7.72,-0.29,0
2021-10-08,Baixa,Baixa,-7.50,0.14,1
2021-10-11,Baixa,Baixa,-6.33,-0.68,0
2021-10-12,Baixa,Baixa,-5.08,0.30,1
2021-10-13,Alta,Baixa,-3.95,0.00,0
2021-10-14,Alta,Alta,-2.38,0.68,1
2021-10-15,Alta,Alta,-1.09,-0.49,0
2021-10-18,Alta,Alta,-0.78,-0.35,0
2021-10-19,Alta,Alta,-0.58,0.17,1
2021-10-20,Alta,Alta,-0.29,-0.32,0
2021-10-21,Alta,Alta,-0.20,-0.58,0
2021-10-22,Baixa,Alta,-0.12,0.07,1
2021-10-25,Alta,Alta,0.30,0.33,2
2021-10-26,Baixa,Alta,0.70,-0.76,0
2021-10-27,Baixa,Alta,0.99,-0.56,0
2021-10-28,Baixa,Baixa,1.08,-0.62,0
2021-10-29,Alta,Alta,1.61,0.94,1
2021-11-01,Alta,Alta,1.99,0.19,2
2021-11-02,Alta,Alta,2.13,-0.88,0
2021-11-03,Alta,Alta,2.28,-0.13,0
2021-11-04,Alta,Alta,2.43,0.10,1
2021-11-05,Baixa,Baixa,2.22,-0.81,0
2021-11-08,Baixa,Baixa,1.92,-0.59,0
2021-11-09,Baixa,Baixa,1.70,-0.30,0
2021-11-10,Baixa,Baixa,1.34,-0.41,0
2021-11-11,Baixa,Baixa,1.01,-0.57,0
2021-11-12,Baixa,Baixa,0.67,0.00,0
2021-11-15,Baixa,Baixa,-0.03,-0.58,0
2021-11-16,Baixa,Baixa,-0.85,-0.61,0
2021-11-17,Baixa,Baixa,-1.44,-0.44,0
2021-11-18,Baixa,Baixa,-2.13,-0.50,0
2021-11-19,Baixa,Baixa,-2.67,0.38,1
2021-11-22,Baixa,Baixa,-2.82,-0.80,0
2021-11-23,Baixa,Baixa,-2.85,-0.91,0
2021-11-24,Baixa,Baixa,-2.99,0.26,1
2021-11-26,Baixa,Baixa,-3.00,-0.35,0
2021-11-29,Alta,Baixa,-2.98,0.92,1
2021-11-30,Alta,Baixa,-2.67,0.33,2
2021-12-01,Alta,Baixa,-2.38,-0.62,0
2021-12-02,Alta,Baixa,-2.13,0.17,1
2021-12-03,Baixa,Baixa,-2.21,-0.79,0
2021-12-06,Baixa,Baixa,-2.35,0.11,1
2021-12-07,Baixa,Baixa,-2.90,-0.38,0
2021-12-08,Baixa,Baixa,-3.28,-0.29,0
2021-12-09,Baixa,Baixa,-3.56,-0.62,0
2021-12-10,Baixa,Baixa,-3.56,-0.79,0
2021-12-13,Baixa,Baixa,-3.72,-0.48,0
2021-12-14,Baixa,Baixa,-3.75,-0.33,0
2021-12-15,Baixa,Baixa,-3.87,-0.29,0
2021-12-16,Baixa,Baixa,-4.01,-0.59,0
2021-12-17,Baixa,Baixa,-4.04,-0.58,0
2021-12-20,Baixa,Baixa,-4.05,-0.44,0
2021-12-21,Baixa,Baixa,-3.92,0.85,1
2021-12-22,Alta,Baixa,-3.79,0.65,2
2021-12-23,Baixa,Baixa,-3.82,-0.75,0
2021-12-27,Baixa,Baixa,-4.34,-0.90,0
2021-12-28,Baixa,Baixa,-4.81,-0.76,0
2021-12-29,Baixa,Baixa,-5.36,-0.55,0
2021-12-30,Baixa,Baixa,-5.98,0.09,1
2021-12-31,Baixa,Baixa,-6.49,-0.18,0
2022-01-03,Alta,Baixa,-6.52,0.82,1
2022-01-04,Alta,Baixa,-6.51,0.44,2
2022-01-05,Baixa,Baixa,-6.71,-0.54,0
2022-01-06,Baixa,Baixa,-6.71,0.25,1
2022-01-07,Baixa,Baixa,-6.67,-0.33,0
2022-01-10,Baixa,Baixa,-6.79,-0.77,0
2022-01-11,Baixa,Baixa,-7.16,0.70,1
2022-01-12,Baixa,Baixa,-7.46,0.20,2
2022-01-13,Baixa,Baixa,-7.88,-0.80,0
2022-01-14,Baixa,Baixa,-8.36,0.27,1
2022-01-18,Baixa,Baixa,-8.82,-0.76,0
2022-01-19,Baixa,Baixa,-8.92,0.22,1
2022-01-20,Baixa,Baixa,-8.88,-0.88,0
2022-01-21,Baixa,Baixa,-8.90,-0.71,0
2022-01-24,Baixa,Baixa,-8.91,-0.18,0
2022-01-25,Baixa,Baixa,-8.75,0.77,1
2022-01-26,Alta,Baixa,-8.70,0.36,2
2022-01-27,Baixa,Baixa,-8.80,-0.73,0
2022-01-28,Baixa,Baixa,-8.72,-0.09,0
2022-01-31,Baixa,Baixa,-8.66,0.38,1
2022-02-01,Alta,Baixa,-8.55,0.29,2
2022-02-02,Alta,Baixa,-8.54,0.33,3
2022-02-03,Baixa,Baixa,-8.26,-0.14,0
2022-02-04,Alta,Baixa,-7.88,0.33,1
2022-02-07,Alta,Baixa,-7.38,0.58,2
2022-02-08,Baixa,Baixa,-7.06,-0.55,0
2022-02-09,Alta,Baixa,-6.97,0.88,1
2022-02-10,Alta,Baixa,-7.11,0.56,2
2022-02-11,Alta,Baixa,-7.40,-0.71,0
2022-02-14,Baixa,Baixa,-7.86,0.00,0
2022-02-15,Alta,Baixa,-8.10,0.22,1
2022-02-16,Alta,Baixa,-8.09,-0.11,0
2022-02-17,Baixa,Baixa,-8.03,-0.81,0
2022-02-18,Baixa,Baixa,-8.04,-0.45,0
2022-02-22,Baixa,Baixa,-7.82,-0.22,0
2022-02-23,Baixa,Baixa,-7.67,-0.60,0
2022-02-24,Baixa,Baixa,-7.40,0.63,1
2022-02-25,Baixa,Baixa,-7.11,-0.36,0
2022-02-28,Alta,Baixa,-6.61,0.64,1
2022-03-01,Alta,Baixa,-6.00,0.25,2
2022-03-02,Alta,Baixa,-5.44,-0.11,0
2022-03-03,Alta,Baixa,-4.92,-0.88,0
2022-03-04,Alta,Baixa,-4.46,0.66,1
2022-03-07,Baixa,Baixa,-4.46,-0.29,0
2022-03-08,Baixa,Baixa,-4.53,0.00,0
2022-03-09,Alta,Baixa,-4.45,0.62,1
2022-03-10,Alta,Baixa,-4.26,0.00,0
2022-03-11,Alta,Baixa,-3.98,-0.20,0
2022-03-14,Alta,Alta,-3.09,0.58,1
2022-03-15,Alta,Alta,-2.56,-0.53,0
2022-03-16,Alta,Alta,-1.99,0.61,1
2022-03-17,Alta,Alta,-1.61,0.00,0
2022-03-18,Alta,Alta,-0.93,0.50,1
2022-03-21,Alta,Alta,-0.66,0.25,2
2022-03-22,Alta,Alta,0.91,-0.50,0
2022-03-23,Alta,Alta,2.69,0.55,1
2022-03-24,Alta,Alta,4.25,-0.33,0
2022-03-25,Alta,Alta,5.24,-0.68,0
2022-03-28,Alta,Alta,6.45,-0.14,0
2022-03-29,Alta,Alta,6.53,0.28,1
2022-03-30,Baixa,Alta,6.16,-0.36,0
2022-03-31,Alta,Alta,6.26,0.43,1
2022-04-01,Alta,Alta,6.77,-0.06,0
2022-04-04,Alta,Alta,7.23,-0.64,0
2022-04-05,Baixa,Alta,7.42,-0.85,0
2022-04-06,Baixa,Alta,7.39,0.00,0
2022-04-07,Baixa,Alta,6.79,-0.71,0
2022-04-08,Baixa,Alta,5.99,-0.64,0
2022-04-11,Baixa,Alta,5.20,0.09,1
2022-04-12,Baixa,Alta,4.40,-0.73,0
2022-04-13,Baixa,Alta,3.65,-0.87,0
2022-04-14,Baixa,Baixa,3.13,-0.86,0
2022-04-18,Baixa,Baixa,2.65,-0.32,0
2022-04-19,Baixa,Baixa,2.14,0.77,1
2022-04-20,Baixa,Baixa,1.73,-0.44,0
2022-04-21,Baixa,Baixa,1.50,-0.45,0
2022-04-22,Baixa,Baixa,1.27,-0.42,0
2022-04-25,Baixa,Baixa,1.02,0.20,1
2022-04-26,Baixa,Baixa,0.74,-0.27,0
2022-04-27,Baixa,Baixa,0.57,-0.82,0
2022-04-28,Baixa,Baixa,0.25,-0.47,0
2022-04-29,Baixa,Baixa,0.05,-0.36,0
2022-05-02,Alta,Baixa,0.15,0.67,1
2022-05-03,Alta,Baixa,0.25,0.09,2
2022-05-04,Alta,Baixa,0.39,-0.09,0
2022-05-05,Baixa,Baixa,0.59,-0.11,0
2022-05-06,Baixa,Baixa,0.69,-0.78,0
2022-05-09,Baixa,Baixa,0.47,-0.92,0
2022-05-10,Baixa,Baixa,-0.05,-0.50,0
2022-05-11,Baixa,Baixa,-0.66,-0.74,0
2022-05-12,Baixa,Baixa,-1.24,0.30,1
2022-05-13,Baixa,Baixa,-1.58,-0.73,0
2022-05-16,Alta,Baixa,-1.71,0.55,1
2022-05-17,Alta,Baixa,-1.57,-0.53,0
2022-05-18,Alta,Baixa,-1.33,-0.29,0
2022-05-19,Alta,Baixa,-1.06,0.31,1
2022-05-20,Baixa,Baixa,-0.99,-0.42,0
2022-05-23,Baixa,Baixa,-1.09,-0.30,0
2022-05-24,Baixa,Baixa,-1.52,-0.43,0
2022-05-25,Alta,Baixa,-1.69,0.45,1
2022-05-26,Alta,Baixa,-2.17,0.50,2
2022-05-27,Alta,Baixa,-2.48,0.36,3
2022-05-31,Alta,Baixa,-2.94,0.11,4
2022-06-01,Baixa,Baixa,-3.13,-0.47,0
2022-06-02,Baixa,Baixa,-4.41,0.30,1
2022-06-03,Baixa,Baixa,-5.69,0.06,2
2022-06-06,Baixa,Baixa,-6.90,-0.65,0
2022-06-07,Baixa,Baixa,-7.81,0.31,1
2022-06-08,Baixa,Baixa,-8.63,0.25,2
2022-06-09,Baixa,Baixa,-8.77,0.33,3
2022-06-10,Baixa,Baixa,-8.68,-0.38,0
2022-06-13,Baixa,Baixa,-8.98,-0.82,0
2022-06-14,Baixa,Baixa,-9.51,0.28,1
2022-06-15,Baixa,Baixa,-10.04,0.10,2
2022-06-16,Baixa,Baixa,-10.37,-0.86,0
2022-06-17,Baixa,Baixa,-10.57,0.53,1
2022-06-21,Alta,Baixa,-10.11,0.38,2
2022-06-22,Alta,Baixa,-9.30,-0.18,0
2022-06-23,Alta,Baixa,-8.62,-0.57,0
2022-06-24,Alta,Baixa,-7.78,0.59,1
2022-06-27,Alta,Baixa,-6.92,-0.80,0
2022-06-28,Baixa,Baixa,-6.33,-0.76,0
2022-06-29,Baixa,Baixa,-5.98,-0.82,0
2022-06-30,Baixa,Baixa,-5.59,0.58,1
2022-07-01,Alta,Baixa,-5.31,1.00,2
2022-07-05,Alta,Baixa,-5.05,-0.42,0
2022-07-06,Baixa,Baixa,-4.89,-0.17,0
2022-07-07,Alta,Baixa,-4.72,-0.45,0
2022-07-08,Baixa,Baixa,-4.48,-0.41,0
2022-07-11,Baixa,Baixa,-4.31,-0.70,0
2022-07-12,Baixa,Baixa,-4.12,-0.59,0
2022-07-13,Baixa,Baixa,-3.89,0.24,1
2022-07-14,Baixa,Baixa,-3.97,-0.11,0
2022-07-15,Baixa,Baixa,-4.04,0.37,1
2022-07-18,Alta,Baixa,-4.15,0.51,2
2022-07-19,Alta,Baixa,-4.18,0.73,3
2022-07-20,Baixa,Baixa,-4.13,-0.54,0
2022-07-21,Baixa,Baixa,-3.61,-0.55,0
2022-07-22,Baixa,Baixa,-2.89,-0.50,0
2022-07-25,Baixa,Baixa,-2.23,-0.45,0
2022-07-26,Baixa,Baixa,-1.63,-0.12,0
2022-07-27,Baixa,Baixa,-1.27,-0.58,0
2022-07-28,Alta,Baixa,-1.36,0.32,1
2022-07-29,Alta,Baixa,-1.61,0.00,0
2022-08-01,Alta,Baixa,-1.78,-0.06,0
2022-08-02,Alta,Baixa,-2.07,0.16,1
2022-08-03,Alta,Baixa,-2.20,-0.80,0
2022-08-04,Alta,Baixa,-1.96,1.00,1
2022-08-05,Alta,Alta,-1.64,0.47,2
2022-08-08,Alta,Alta,-1.47,0.15,3
2022-08-09,Alta,Alta,-1.10,0.68,4
2022-08-10,Alta,Alta,-0.98,-0.57,0
2022-08-11,Alta,Alta,-1.02,-0.44,0
2022-08-12,Alta,Alta,-1.02,-0.27,0
2022-08-15,Alta,Alta,-0.86,0.25,1
2022-08-16,Alta,Alta,-0.90,-0.67,0
2022-08-17,Baixa,Alta,-0.77,-0.02,0
2022-08-18,Baixa,Alta,-0.56,-0.47,0
2022-08-19,Baixa,Alta,-0.60,-0.63,0
2022-08-22,Baixa,Alta,-0.69,-0.78,0
2022-08-23,Baixa,Baixa,-0.69,-0.89,0
2022-08-24,Baixa,Baixa,-0.56,-0.11,0
2022-08-25,Baixa,Alta,-0.48,0.25,1
2022-08-26,Baixa,Baixa,-0.35,-1.00,0
2022-08-29,Baixa,Baixa,-0.04,0.27,1
2022-08-30,Alta,Alta,0.17,0.04,2
2022-08-31,Alta,Alta,0.17,0.40,3
2022-09-01,Alta,Alta,0.17,0.63,4
2022-09-02,Alta,Alta,0.22,-0.53,0
2022-09-06,Alta,Alta,0.13,0.91,1
2022-09-07,Alta,Alta,0.17,0.22,2
2022-09-08,Baixa,Alta,0.22,-0.29,0
2022-09-09,Baixa,Alta,0.39,-0.09,0
2022-09-12,Baixa,Baixa,0.43,-0.88,0
2022-09-13,Baixa,Baixa,0.26,-0.67,0
2022-09-14,Baixa,Baixa,0.00,-0.80,0
2022-09-15,Baixa,Baixa,-0.13,-0.51,0
2022-09-16,Baixa,Baixa,-0.48,-0.50,0
2022-09-19,Baixa,Baixa,-0.73,-0.51,0
2022-09-20,Baixa,Baixa,-0.82,-0.60,0
2022-09-21,Baixa,Baixa,-0.91,-0.23,0
2022-09-22,Baixa,Baixa,-1.08,-0.40,0
2022-09-23,Baixa,Baixa,-1.22,-0.51,0
2022-09-26,Baixa,Baixa,-1.39,-0.12,0
2022-09-27,Baixa,Baixa,-1.62,-0.38,0
2022-09-28,Baixa,Baixa,-1.92,0.37,1
2022-09-29,Baixa,Baixa,-2.06,0.35,2
2022-09-30,Baixa,Baixa,-2.16,0.00,0
2022-10-03,Alta,Baixa,-2.16,0.32,1
2022-10-04,Baixa,Baixa,-2.13,-0.72,0
2022-10-05,Baixa,Baixa,-1.92,-0.34,0
2022-10-06,Alta,Baixa,-1.84,0.23,1
2022-10-07,Baixa,Baixa,-1.89,-0.51,0
2022-10-10,Alta,Baixa,-1.90,0.52,1
2022-10-11,Alta,Baixa,-1.86,0.23,2
2022-10-12,Baixa,Baixa,-2.00,0.20,3
2022-10-13,Baixa,Baixa,-2.05,-0.45,0
2022-10-14,Alta,Baixa,-2.15,0.03,1
2022-10-17,Alta,Baixa,-2.30,0.32,2
2022-10-18,Alta,Baixa,-2.45,-0.51,0
2022-10-19,Alta,Baixa,-2.78,-0.30,0
2022-10-20,Alta,Baixa,-3.07,-0.12,0
2022-10-21,Alta,Baixa,-3.09,0.27,1
2022-10-24,Alta,Baixa,-3.16,0.60,2
2022-10-25,Alta,Baixa,-3.27,0.10,3
2022-10-26,Alta,Baixa,-3.15,-0.74,0
2022-10-27,Baixa,Baixa,-3.12,-0.42,0
2022-10-28,Baixa,Baixa,-3.24,-0.50,0
2022-10-31,Baixa,Baixa,-3.21,-0.17,0
2022-11-01,Baixa,Baixa,-3.23,0.13,1
2022-11-02,Baixa,Baixa,-3.10,0.42,2
2022-11-03,Baixa,Baixa,-3.08,-0.11,0
2022-11-04,Alta,Baixa,-2.95,0.29,1
2022-11-07,Alta,Baixa,-2.91,0.15,2
2022-11-08,Baixa,Baixa,-2.88,-0.45,0
2022-11-09,Baixa,Baixa,-3.05,-0.44,0
2022-11-10,Baixa,Baixa,-3.38,-0.35,0
2022-11-11,Baixa,Baixa,-3.71,0.29,1
2022-11-14,Baixa,Baixa,-4.19,-0.73,0
2022-11-15,Baixa,Baixa,-4.69,0.31,1
2022-11-16,Baixa,Baixa,-5.09,0.74,2
2022-11-17,Alta,Baixa,-4.87,0.17,3
2022-11-18,Alta,Alta,-4.33,0.65,4
2022-11-21,Alta,Alta,-3.35,0.54,5
2022-11-22,Alta,Alta,-1.53,0.92,6
2022-11-23,Alta,Alta,0.06,-0.62,0
2022-11-25,Alta,Alta,1.22,-0.56,0
2022-11-28,Baixa,Alta,1.79,-0.53,0
2022-11-29,Baixa,Alta,1.96,-0.14,0
2022-11-30,Baixa,Alta,1.55,0.20,1
2022-12-01,Baixa,Alta,1.38,-0.72,0
2022-12-02,Baixa,Alta,1.32,-0.11,0
2022-12-05,Baixa,Alta,1.59,-0.35,0
2022-12-06,Alta,Alta,2.08,0.32,1
2022-12-07,Alta,Alta,2.73,0.53,2
2022-12-08,Alta,Alta,3.32,-0.78,0
2022-12-09,Baixa,Alta,3.53,-0.31,0
2022-12-12,Alta,Alta,3.67,1.00,1
2022-12-13,Alta,Alta,3.76,0.20,2
2022-12-14,Alta,Alta,3.51,0.00,0
2022-12-15,Alta,Alta,3.38,0.82,1
2022-12-16,Alta,Alta,3.62,0.44,2
2022-12-19,Alta,Alta,3.80,-0.50,0
2022-12-20,Baixa,Alta,3.67,-0.67,0
2022-12-21,Baixa,Alta,3.39,-0.67,0
2022-12-22,Baixa,Alta,3.06,-0.40,0
2022-12-23,Baixa,Alta,2.58,0.32,1
2022-12-27,Baixa,Alta,2.06,-0.08,0
2022-12-28,Baixa,Baixa,1.60,-0.57,0
2022-12-29,Baixa,Baixa,1.14,-0.03,0
2022-12-30,Baixa,Baixa,0.79,0.27,1
2023-01-03,Alta,Baixa,0.59,0.38,2
2023-01-04,Alta,Baixa,0.49,-0.22,0
2023-01-05,Alta,Alta,0.64,-0.17,0
2023-01-06,Alta,Alta,0.84,-0.36,0
2023-01-09,Alta,Alta,1.03,-0.23,0
2023-01-10,Alta,Alta,1.18,0.15,1
2023-01-11,Alta,Alta,1.42,-0.24,0
2023-01-12,Alta,Alta,1.66,-0.17,0
2023-01-13,Alta,Alta,2.10,0.27,1
2023-01-17,Alta,Alta,2.77,0.91,2
2023-01-18,Alta,Alta,4.07,0.70,3
2023-01-19,Alta,Alta,4.58,-0.88,0
2023-01-20,Alta,Alta,5.48,0.67,1
2023-01-23,Alta,Alta,6.73,0.52,2
2023-01-24,Alta,Alta,7.95,0.04,3
2023-01-25,Alta,Alta,8.34,-0.63,0
2023-01-26,Alta,Alta,9.23,-0.71,0
2023-01-27,Alta,Alta,10.11,0.45,1
2023-01-30,Alta,Alta,10.60,0.13,2
2023-01-31,Alta,Alta,11.88,0.70,3
2023-02-01,Alta,Alta,13.03,-0.42,0
2023-02-02,Alta,Alta,13.43,-0.69,0
2023-02-03,Alta,Alta,13.07,-0.56,0
2023-02-06,Baixa,Alta,12.01,-0.53,0
2023-02-07,Baixa,Alta,9.67,-0.76,0
2023-02-08,Baixa,Alta,7.87,0.15,1
2023-02-09,Baixa,Alta,7.11,-0.63,0
2023-02-10,Baixa,Alta,6.73,-0.71,0
2023-02-13,Baixa,Alta,6.68,-0.74,0
2023-02-14,Alta,Alta,7.18,0.52,1
2023-02-15,Alta,Alta,7.69,0.11,2
2023-02-16,Alta,Alta,8.59,0.91,3
2023-02-17,Alta,Alta,9.18,-0.25,0
2023-02-21,Alta,Alta,9.51,-0.58,0
2023-02-22,Baixa,Alta,9.30,-0.65,0
2023-02-23,Baixa,Alta,9.23,0.34,1
2023-02-24,Baixa,Alta,8.39,-0.62,0
2023-02-27,Baixa,Alta,7.78,-0.23,0
2023-02-28,Alta,Alta,7.85,0.60,1
2023-03-01,Alta,Alta,8.32,0.56,2
2023-03-02,Alta,Alta,8.30,-0.30,0
2023-03-03,Alta,Alta,8.66,0.21,1
2023-03-06,Baixa,Alta,8.77,-0.60,0
2023-03-07,Baixa,Alta,8.80,-0.91,0
2023-03-08,Baixa,Alta,8.64,-0.33,0
2023-03-09,Baixa,Alta,8.28,-0.80,0
2023-03-10,Baixa,Alta,7.94,0.44,1
2023-03-13,Baixa,Alta,7.82,-0.11,0
2023-03-14,Baixa,Alta,7.58,-0.79,0
2023-03-15,Baixa,Alta,7.12,-0.37,0
2023-03-16,Baixa,Alta,7.08,0.83,1
2023-03-17,Baixa,Alta,6.83,-0.26,0
2023-03-20,Baixa,Alta,6.48,-0.42,0
2023-03-21,Alta,Alta,6.19,0.80,1
2023-03-22,Alta,Alta,6.12,-0.11,0
2023-03-23,Baixa,Baixa,5.75,-0.71,0
2023-03-24,Baixa,Baixa,5.35,-0.50,0
2023-03-27,Baixa,Baixa,5.18,0.12,1
2023-03-28,Baixa,Baixa,4.52,-0.58,0
2023-03-29,Baixa,Baixa,3.58,0.68,1
2023-03-30,Baixa,Baixa,2.53,0.09,2
2023-03-31,Baixa,Baixa,1.86,0.33,3
2023-04-03,Baixa,Baixa,0.93,-0.08,0
2023-04-04,Baixa,Baixa,0.13,-0.59,0
2023-04-05,Baixa,Baixa,-0.57,-0.56,0
2023-04-06,Baixa,Baixa,-0.79,0.50,1
2023-04-10,Baixa,Baixa,-1.34,-0.52,0
2023-04-11,Baixa,Baixa,-2.07,-0.67,0
2023-04-12,Baixa,Baixa,-2.69,-0.55,0
2023-04-13,Baixa,Baixa,-3.74,-0.33,0
2023-04-14,Baixa,Baixa,-4.95,0.48,1
2023-04-17,Alta,Baixa,-5.66,0.58,2
2023-04-18,Alta,Baixa,-5.99,-0.16,0
2023-04-19,Alta,Baixa,-5.98,0.59,1
2023-04-20,Alta,Baixa,-5.17,-0.74,0
2023-04-21,Alta,Baixa,-4.46,0.58,1
2023-04-24,Baixa,Baixa,-4.25,-0.08,0
2023-04-25,Baixa,Baixa,-4.10,-0.58,0
2023-04-26,Baixa,Baixa,-4.14,-0.90,0
2023-04-27,Baixa,Baixa,-4.51,0.29,1
2023-04-28,Baixa,Baixa,-4.94,0.21,2
2023-05-01,Alta,Baixa,-5.62,0.56,3
2023-05-02,Baixa,Baixa,-6.30,-0.43,0
2023-05-03,Alta,Baixa,-6.78,0.40,1
2023-05-04,Baixa,Baixa,-6.93,-0.82,0
2023-05-05,Alta,Baixa,-7.07,-0.02,0
2023-05-08,Baixa,Baixa,-6.82,-0.26,0
2023-05-09,Baixa,Baixa,-6.56,-0.50,0
2023-05-10,Baixa,Baixa,-6.82,-0.36,0
2023-05-11,Baixa,Baixa,-7.42,0.34,1
2023-05-12,Baixa,Baixa,-7.91,-0.38,0
2023-05-15,Baixa,Baixa,-8.61,-0.98,0
2023-05-16,Baixa,Baixa,-9.01,0.07,1
2023-05-17,Baixa,Baixa,-9.19,-0.23,0
2023-05-18,Baixa,Baixa,-9.28,-0.33,0
2023-05-19,Baixa,Baixa,-9.01,0.29,1
2023-05-22,Alta,Baixa,-8.74,0.36,2
2023-05-23,Baixa,Baixa,-8.71,-0.52,0
2023-05-24,Baixa,Baixa,-8.60,-0.72,0
2023-05-25,Baixa,Baixa,-8.31,-0.76,0
2023-05-26,Baixa,Baixa,-8.58,0.28,1
2023-05-30,Baixa,Baixa,-8.64,0.19,2
2023-05-31,Alta,Baixa,-8.59,-0.74,0
2023-06-01,Alta,Baixa,-8.64,0.10,1
2023-06-02,Alta,Baixa,-8.75,-0.39,0
2023-06-05,Alta,Baixa,-8.34,-0.40,0
2023-06-06,Alta,Baixa,-7.87,0.70,1
2023-06-07,Alta,Alta,-7.56,0.67,2
2023-06-08,Alta,Alta,-6.67,-0.86,0
2023-06-09,Alta,Alta,-5.47,0.00,0
2023-06-12,Alta,Alta,-4.18,0.67,1
2023-06-13,Alta,Alta,-3.04,-0.75,0
2023-06-14,Alta,Alta,-1.94,-0.22,0
2023-06-15,Alta,Alta,-1.14,0.08,1
2023-06-16,Alta,Alta,-0.53,-0.55,0
2023-06-20,Alta,Alta,-0.12,0.35,1
2023-06-21,Alta,Alta,0.66,-0.17,0
2023-06-22,Alta,Alta,1.69,-0.56,0
2023-06-23,Alta,Alta,2.64,-0.50,0
2023-06-26,Baixa,Alta,3.34,-0.80,0
2023-06-27,Baixa,Alta,3.87,0.50,1
2023-06-28,Baixa,Alta,3.81,-0.25,0
2023-06-29,Alta,Alta,3.69,0.45,1
2023-06-30,Baixa,Alta,3.10,-0.69,0
2023-07-03,Baixa,Alta,2.64,-0.50,0
2023-07-05,Baixa,Alta,2.06,-0.29,0
2023-07-06,Baixa,Alta,1.85,-0.28,0
2023-07-07,Baixa,Alta,1.72,0.00,0
2023-07-10,Baixa,Alta,1.95,-0.71,0
2023-07-11,Baixa,Alta,2.06,0.00,0
2023-07-12,Baixa,Alta,2.21,0.00,0
2023-07-13,Baixa,Alta,2.05,0.33,1
2023-07-14,Baixa,Alta,1.85,-0.17,0
2023-07-17,Baixa,Baixa,1.53,-0.40,0
2023-07-18,Baixa,Alta,1.37,0.57,1
2023-07-19,Baixa,Alta,1.22,-0.17,0
2023-07-20,Alta,Alta,1.33,0.12,1
2023-07-21,Baixa,Alta,1.21,-0.60,0
2023-07-24,Baixa,Alta,1.40,0.00,0
2023-07-25,Baixa,Baixa,1.32,-0.75,0
2023-07-26,Baixa,Baixa,1.35,0.40,1
2023-07-27,Baixa,Baixa,1.35,-0.50,0
2023-07-28,Baixa,Baixa,1.38,-0.30,0
2023-07-31,Baixa,Baixa,1.26,0.80,1
2023-08-01,Baixa,Baixa,1.37,-0.80,0
2023-08-02,Baixa,Baixa,1.37,-0.33,0
2023-08-03,Baixa,Baixa,1.22,0.00,0
2023-08-04,Baixa,Baixa,1.22,0.28,1
2023-08-07,Baixa,Baixa,1.25,-0.57,0
2023-08-08,Alta,Baixa,1.39,0.12,1
2023-08-09,Alta,Baixa,1.50,-0.37,0
2023-08-10,Baixa,Baixa,1.50,-0.37,0
2023-08-11,Baixa,Baixa,1.38,0.72,1
2023-08-14,Baixa,Baixa,1.20,0.24,2
2023-08-15,Baixa,Baixa,0.72,-0.56,0
2023-08-16,Baixa,Baixa,0.25,-0.45,0
2023-08-17,Baixa,Baixa,-0.18,-0.68,0
2023-08-18,Baixa,Baixa,-0.75,0.51,1
2023-08-21,Baixa,Baixa,-1.25,-0.63,0
2023-08-22,Baixa,Baixa,-1.54,-0.25,0
2023-08-23,Alta,Baixa,-1.94,0.82,1
2023-08-24,Alta,Baixa,-2.05,0.05,2
2023-08-25,Alta,Baixa,-2.10,-0.61,0
2023-08-28,Baixa,Baixa,-2.25,-0.26,0
2023-08-29,Alta,Baixa,-2.40,0.81,1
2023-08-30,Alta,Baixa,-2.67,-0.20,0
2023-08-31,Baixa,Baixa,-3.24,-0.51,0
2023-09-01,Baixa,Baixa,-3.66,-0.49,0
2023-09-05,Baixa,Baixa,-3.94,0.00,0
2023-09-06,Baixa,Baixa,-4.07,0.21,1
2023-09-07,Baixa,Baixa,-4.10,0.07,2
2023-09-08,Baixa,Baixa,-3.95,-0.26,0
2023-09-11,Alta,Baixa,-3.99,-0.42,0
2023-09-12,Alta,Baixa,-3.94,0.20,1
2023-09-13,Baixa,Baixa,-4.05,-0.66,0
2023-09-14,Alta,Baixa,-3.92,-0.21,0
2023-09-15,Alta,Baixa,-3.76,0.25,1
2023-09-18,Baixa,Baixa,-3.55,-0.69,0
2023-09-19,Baixa,Baixa,-3.42,0.12,1
2023-09-20,Baixa,Baixa,-3.37,-0.03,0
2023-09-21,Baixa,Baixa,-3.35,-0.09,0
2023-09-22,Baixa,Baixa,-3.29,0.42,1
2023-09-25,Baixa,Baixa,-3.15,-0.21,0
2023-09-26,Baixa,Baixa,-3.00,-0.46,0
2023-09-27,Baixa,Baixa,-3.02,-0.67,0
2023-09-28,Baixa,Baixa,-3.08,-0.42,0
2023-09-29,Baixa,Baixa,-3.27,-0.02,0
2023-10-02,Baixa,Baixa,-3.46,-0.67,0
2023-10-03,Baixa,Baixa,-3.78,-0.17,0
2023-10-04,Baixa,Baixa,-3.76,0.28,1
2023-10-05,Baixa,Baixa,-3.71,0.67,2
2023-10-06,Alta,Baixa,-3.65,-0.61,0
2023-10-09,Alta,Baixa,-3.50,0.07,1
2023-10-10,Alta,Baixa,-3.31,-0.60,0
2023-10-11,Alta,Baixa,-3.19,0.13,1
2023-10-12,Alta,Baixa,-3.12,-0.15,0
2023-10-13,Baixa,Baixa,-2.96,0.19,1
2023-10-16,Baixa,Baixa,-2.94,-0.77,0
2023-10-17,Baixa,Baixa,-2.86,-0.02,0
2023-10-18,Baixa,Baixa,-3.02,-0.66,0
2023-10-19,Baixa,Baixa,-3.13,-0.13,0
2023-10-20,Baixa,Baixa,-3.15,-0.51,0
2023-10-23,Baixa,Baixa,-3.31,-1.00,0
2023-10-24,Baixa,Baixa,-3.42,0.12,1
2023-10-25,Baixa,Baixa,-3.40,-0.52,0
2023-10-26,Baixa,Baixa,-3.28,-0.56,0
2023-10-27,Baixa,Baixa,-3.25,0.26,1
2023-10-30,Baixa,Baixa,-3.13,-0.62,0
2023-10-31,Baixa,Baixa,-2.90,0.00,0
2023-11-01,Alta,Baixa,-2.83,0.54,1
2023-11-02,Alta,Baixa,-2.94,0.88,2
2023-11-03,Alta,Baixa,-3.11,0.00,0
2023-11-06,Alta,Baixa,-3.23,-0.53,0
2023-11-07,Baixa,Baixa,-3.45,-0.10,0
2023-11-08,Baixa,Baixa,-3.67,-0.52,0
2023-11-09,Baixa,Baixa,-3.75,0.65,1
2023-11-10,Baixa,Baixa,-3.73,-0.43,0
2023-11-13,Baixa,Baixa,-3.60,0.11,1
2023-11-14,Baixa,Baixa,-3.62,-0.67,0
2023-11-15,Baixa,Baixa,-3.60,-0.25,0
2023-11-16,Baixa,Baixa,-3.63,-0.34,0
2023-11-17,Baixa,Baixa,-3.87,-0.76,0
2023-11-20,Baixa,Baixa,-4.11,0.46,1
2023-11-21,Baixa,Baixa,-4.36,0.30,2
2023-11-22,Baixa,Baixa,-4.51,-0.67,0
2023-11-24,Baixa,Baixa,-4.65,0.48,1
2023-11-27,Alta,Baixa,-4.64,0.64,2
2023-11-28,Alta,Baixa,-4.63,-0.28,0
2023-11-29,Baixa,Baixa,-4.67,-0.24,0
2023-11-30,Baixa,Baixa,-4.60,0.00,0
2023-12-01,Baixa,Baixa,-4.59,0.74,1
2023-12-04,Alta,Baixa,-4.57,0.22,2
2023-12-05,Alta,Baixa,-4.62,-0.46,0
2023-12-06,Baixa,Baixa,-4.48,-0.68,0
2023-12-07,Baixa,Baixa,-4.40,0.00,0
2023-12-08,Alta,Baixa,-4.20,0.79,1
2023-12-11,Alta,Baixa,-3.93,0.14,2
2023-12-12,Alta,Baixa,-3.60,-0.29,0
2023-12-13,Baixa,Baixa,-3.32,0.34,1
2023-12-14,Alta,Baixa,-3.09,0.53,2
2023-12-15,Baixa,Baixa,-3.05,-0.80,0
2023-12-18,Baixa,Baixa,-3.20,-0.49,0
2023-12-19,Baixa,Baixa,-3.41,-0.04,0
2023-12-20,Baixa,Baixa,-3.82,-0.65,0
2023-12-21,Baixa,Baixa,-4.30,0.68,1
2023-12-22,Baixa,Baixa,-4.59,0.05,2
2023-12-26,Baixa,Baixa,-4.69,0.30,3
2023-12-27,Baixa,Baixa,-4.93,-1.00,0
2023-12-28,Baixa,Baixa,-4.91,0.39,1
2023-12-29,Alta,Baixa,-4.76,0.89,2
2024-01-02,Alta,Baixa,-4.60,0.17,3
2024-01-03,Alta,Baixa,-4.44,-0.11,0
2024-01-04,Baixa,Baixa,-3.92,-0.61,0
2024-01-05,Baixa,Baixa,-3.68,-0.42,0
2024-01-08,Baixa,Baixa,-3.43,-0.69,0
2024-01-09,Baixa,Baixa,-3.17,-0.05,0
2024-01-10,Baixa,Baixa,-3.19,-0.84,0
2024-01-11,Baixa,Baixa,-3.43,0.04,1
2024-01-12,Baixa,Baixa,-3.38,0.86,2
2024-01-16,Baixa,Baixa,-3.55,-0.12,0
2024-01-17,Baixa,Baixa,-3.87,-0.17,0
2024-01-18,Baixa,Baixa,-4.27,0.10,1
2024-01-19,Baixa,Baixa,-4.46,1.00,2
2024-01-22,Baixa,Baixa,-4.71,-0.39,0
2024-01-23,Baixa,Baixa,-4.75,0.74,1
2024-01-24,Baixa,Baixa,-4.88,-0.26,0
2024-01-25,Baixa,Baixa,-4.70,0.21,1
2024-01-26,Baixa,Baixa,-4.82,-0.76,0
2024-01-29,Alta,Baixa,-4.71,0.36,1
2024-01-30,Alta,Baixa,-4.59,0.50,2
2024-01-31,Baixa,Baixa,-4.39,-0.32,0
2024-02-01,Baixa,Baixa,-4.11,0.43,1
2024-02-02,Baixa,Baixa,-3.82,-0.21,0
2024-02-05,Baixa,Baixa,-3.77,-0.22,0
2024-02-06,Baixa,Baixa,-3.80,0.32,1
2024-02-07,Baixa,Baixa,-3.66,-0.57,0
2024-02-08,Baixa,Baixa,-3.94,-0.31,0
2024-02-09,Alta,Baixa,-3.71,1.00,1
2024-02-12,Alta,Baixa,-3.39,0.57,2
2024-02-13,Alta,Baixa,-2.98,-0.47,0
2024-02-14,Alta,Alta,-2.74,0.36,1
2024-02-15,Alta,Alta,-2.23,0.40,2
2024-02-16,Baixa,Baixa,-2.33,-0.27,0
2024-02-20,Baixa,Baixa,-2.43,-0.67,0
2024-02-21,Baixa,Baixa,-2.89,-0.77,0
2024-02-22,Baixa,Baixa,-4.18,-0.65,0
2024-02-23,Baixa,Baixa,-5.57,-0.43,0
2024-02-26,Baixa,Baixa,-6.70,0.22,1
2024-02-27,Baixa,Baixa,-7.94,-0.06,0
2024-02-28,Baixa,Baixa,-8.94,0.05,1
2024-02-29,Alta,Baixa,-8.91,0.78,2
2024-03-01,Baixa,Baixa,-8.79,-0.59,0
2024-03-04,Baixa,Baixa,-8.66,-0.73,0
2024-03-05,Baixa,Baixa,-8.32,-0.34,0
2024-03-06,Baixa,Baixa,-8.08,-0.52,0
2024-03-07,Baixa,Baixa,-8.01,-0.50,0
2024-03-08,Baixa,Baixa,-7.94,0.00,0
2024-03-11,Baixa,Baixa,-7.87,-1.00,0
2024-03-12,Baixa,Baixa,-8.10,-0.57,0
2024-03-13,Alta,Baixa,-8.23,0.20,1
2024-03-14,Alta,Baixa,-8.37,0.57,2
2024-03-15,Baixa,Baixa,-8.63,-0.71,0
2024-03-18,Alta,Baixa,-8.77,0.56,1
2024-03-19,Alta,Baixa,-8.69,-0.17,0
2024-03-20,Alta,Baixa,-8.61,-0.13,0
2024-03-21,Alta,Baixa,-8.40,-0.41,0
2024-03-22,Alta,Baixa,-7.93,0.12,1
2024-03-25,Baixa,Baixa,-7.69,-0.29,0
2024-03-26,Alta,Baixa,-7.56,0.37,1
2024-03-27,Alta,Baixa,-7.43,0.53,2
2024-03-28,Alta,Baixa,-7.28,0.10,3
2024-04-01,Alta,Baixa,-6.84,0.69,4
2024-04-02,Alta,Baixa,-6.67,-0.41,0
2024-04-03,Alta,Baixa,-6.06,0.40,1
2024-04-04,Alta,Baixa,-5.59,-0.25,0
2024-04-05,Baixa,Baixa,-5.23,-0.78,0
2024-04-08,Alta,Baixa,-5.29,0.41,1
2024-04-09,Alta,Baixa,-4.91,-0.33,0
2024-04-10,Baixa,Baixa,-5.26,-0.73,0
2024-04-11,Alta,Baixa,-5.16,0.50,1
2024-04-12,Alta,Baixa,-5.06,-0.68,0
2024-04-15,Baixa,Baixa,-4.96,-0.29,0
2024-04-16,Alta,Baixa,-5.16,-0.50,0
2024-04-17,Alta,Alta,-4.60,0.38,1
2024-04-18,Baixa,Alta,-4.64,-0.92,0
2024-04-19,Baixa,Alta,-4.68,-0.08,0
2024-04-22,Alta,Alta,-4.57,0.43,1
2024-04-23,Alta,Alta,-4.46,-0.05,0
2024-04-24,Alta,Alta,-5.15,-0.42,0
2024-04-25,Alta,Alta,-5.70,-0.34,0
2024-04-26,Baixa,Alta,-6.27,-0.15,0
2024-04-29,Baixa,Alta,-7.18,-0.31,0
2024-04-30,Baixa,Alta,-7.60,-0.47,0
2024-05-01,Baixa,Alta,-7.71,-0.55,0
2024-05-02,Baixa,Alta,-7.47,-0.58,0
2024-05-03,Baixa,Baixa,-5.61,-0.65,0
2024-05-06,Baixa,Alta,-3.50,-0.12,0
2024-05-07,Alta,Alta,-1.31,0.53,1
2024-05-08,Alta,Alta,0.95,-0.41,0
2024-05-09,Alta,Alta,3.08,-0.84,0
2024-05-10,Alta,Alta,3.26,-0.60,0
2024-05-13,Alta,Alta,3.63,-0.22,0
2024-05-14,Alta,Alta,4.17,0.70,1
2024-05-15,Alta,Alta,4.70,-0.24,0
2024-05-16,Alta,Alta,5.22,-0.27,0
2024-05-17,Baixa,Alta,5.57,-0.77,0
2024-05-20,Baixa,Alta,5.71,-0.45,0
2024-05-21,Baixa,Alta,5.27,-0.02,0
2024-05-22,Baixa,Alta,5.03,-0.05,0
2024-05-23,Baixa,Alta,4.61,-0.56,0
2024-05-24,Baixa,Alta,4.57,-0.03,0
2024-05-28,Alta,Alta,4.53,-0.65,0
2024-05-29,Baixa,Alta,4.49,-0.64,0
2024-05-30,Baixa,Alta,4.27,0.47,1
2024-05-31,Alta,Alta,4.24,0.50,2
2024-06-03,Baixa,Alta,4.20,0.00,0
2024-06-04,Baixa,Alta,4.00,-0.18,0
2024-06-05,Baixa,Alta,3.97,0.57,1
2024-06-06,Baixa,Alta,3.77,-0.54,0
2024-06-07,Baixa,Alta,3.58,-0.15,0
2024-06-10,Baixa,Baixa,3.06,-0.58,0
2024-06-11,Baixa,Baixa,2.24,-0.12,0
2024-06-12,Baixa,Baixa,1.59,-0.47,0
2024-06-13,Baixa,Baixa,0.63,-0.06,0
2024-06-14,Baixa,Baixa,-0.16,-0.54,0
2024-06-17,Baixa,Baixa,-0.63,0.17,1
2024-06-18,Alta,Baixa,-0.47,0.11,2
2024-06-20,Baixa,Baixa,-0.78,-0.05,0
2024-06-21,Baixa,Baixa,-0.63,-0.54,0
2024-06-24,Alta,Baixa,-0.63,0.73,1
2024-06-25,Alta,Baixa,-0.47,-0.46,0
2024-06-26,Baixa,Baixa,-0.63,-0.74,0
2024-06-27,Alta,Baixa,-0.63,-0.42,0
2024-06-28,Alta,Baixa,-0.63,0.25,1
2024-07-01,Baixa,Baixa,-0.63,-1.00,0
2024-07-02,Baixa,Baixa,-0.79,-0.20,0
2024-07-03,Baixa,Baixa,-0.95,0.07,1
2024-07-05,Baixa,Baixa,-1.43,-0.18,0
2024-07-08,Baixa,Baixa,-1.75,-0.31,0
2024-07-09,Baixa,Baixa,-2.07,0.64,1
2024-07-10,Baixa,Baixa,-2.23,-0.45,0
2024-07-11,Alta,Baixa,-2.24,0.46,1
2024-07-12,Alta,Baixa,-1.77,0.00,0
2024-07-15,Alta,Baixa,-1.46,0.04,1
2024-07-16,Alta,Baixa,-0.81,0.76,2
2024-07-17,Alta,Baixa,-0.33,-0.27,0
2024-07-18,Baixa,Baixa,0.16,-0.29,0
2024-07-19,Baixa,Baixa,0.00,-0.65,0
2024-07-22,Baixa,Baixa,-0.49,-0.02,0
2024-07-23,Baixa,Baixa,-0.98,-0.36,0
2024-07-24,Baixa,Baixa,-1.80,-0.53,0
2024-07-25,Baixa,Baixa,-2.78,-0.31,0
2024-07-26,Baixa,Baixa,-3.44,-0.54,0
2024-07-29,Baixa,Baixa,-3.96,-0.50,0
2024-07-30,Baixa,Baixa,-4.80,0.00,0
2024-07-31,Baixa,Baixa,-4.83,-1.00,0
2024-08-01,Baixa,Baixa,-4.87,-0.93,0
2024-08-02,Baixa,Baixa,-4.92,-0.79,0
2024-08-05,Baixa,Baixa,-4.81,0.20,1
2024-08-06,Baixa,Baixa,-4.70,0.32,2
2024-08-07,Alta,Baixa,-4.90,-0.11,0
2024-08-08,Baixa,Baixa,-5.12,-0.84,0
2024-08-09,Baixa,Baixa,-5.54,-0.81,0
2024-08-12,Baixa,Baixa,-5.78,0.11,1
2024-08-13,Baixa,Baixa,-6.02,0.68,2
2024-08-14,Baixa,Baixa,-6.45,-0.85,0
2024-08-15,Baixa,Baixa,-6.70,0.58,1
2024-08-16,Alta,Baixa,-6.43,0.12,2
2024-08-19,Alta,Baixa,-6.32,0.64,3
2024-08-20,Baixa,Baixa,-6.21,-0.82,0
2024-08-21,Baixa,Baixa,-5.91,-0.23,0
2024-08-22,Baixa,Baixa,-5.59,-0.80,0
2024-08-23,Alta,Baixa,-5.25,0.43,1
2024-08-26,Baixa,Baixa,-5.11,-0.32,0
2024-08-27,Baixa,Baixa,-4.97,-0.28,0
2024-08-28,Baixa,Baixa,-5.23,-0.67,0
2024-08-29,Baixa,Baixa,-5.50,0.45,1
2024-08-30,Baixa,Baixa,-5.76,-0.10,0
2024-09-03,Baixa,Baixa,-6.03,-0.76,0
2024-09-04,Baixa,Baixa,-6.32,0.15,1
2024-09-05,Baixa,Baixa,-6.62,-0.55,0
2024-09-06,Baixa,Baixa,-6.71,-0.13,0
2024-09-09,Baixa,Baixa,-7.24,-0.37,0
2024-09-10,Baixa,Baixa,-7.80,-0.57,0
2024-09-11,Baixa,Baixa,-8.37,-0.22,0
2024-09-12,Baixa,Baixa,-8.51,0.71,1
2024-09-13,Alta,Baixa,-8.87,0.90,2
2024-09-16,Alta,Baixa,-8.78,-0.28,0
2024-09-17,Alta,Baixa,-8.21,0.17,1
2024-09-18,Alta,Baixa,-7.87,-0.64,0
2024-09-19,Alta,Baixa,-7.75,-0.26,0
2024-09-20,Baixa,Baixa,-7.89,-0.81,0
2024-09-23,Baixa,Baixa,-8.29,-0.82,0
2024-09-24,Alta,Baixa,-8.94,0.58,1
2024-09-25,Baixa,Baixa,-9.37,-0.53,0
2024-09-26,Alta,Baixa,-9.80,0.38,1
2024-09-27,Alta,Baixa,-9.71,0.69,2
2024-09-30,Alta,Baixa,-9.33,0.44,3
2024-10-01,Alta,Baixa,-8.63,0.43,4
2024-10-02,Alta,Baixa,-7.90,0.41,5
2024-10-03,Alta,Alta,-6.52,0.71,6
2024-10-04,Alta,Alta,-5.06,-0.33,0
2024-10-07,Alta,Alta,-4.18,-0.42,0
2024-10-08,Alta,Alta,-3.58,0.53,1
2024-10-09,Alta,Alta,-2.97,0.81,2
2024-10-10,Alta,Alta,-2.66,0.59,3
2024-10-11,Alta,Alta,-2.67,0.10,4
2024-10-14,Baixa,Alta,-2.35,-0.84,0
2024-10-15,Baixa,Alta,-2.36,-0.70,0
2024-10-16,Baixa,Baixa,-2.38,-0.68,0
2024-10-17,Baixa,Alta,-3.07,0.39,1
2024-10-18,Baixa,Alta,-3.42,0.50,2
2024-10-21,Baixa,Alta,-2.75,-0.27,0
2024-10-22,Baixa,Alta,-2.08,-0.29,0
2024-10-23,Baixa,Alta,-2.09,-0.17,0
2024-10-24,Baixa,Baixa,-1.41,-0.58,0
2024-10-25,Baixa,Baixa,-1.06,-0.17,0
2024-10-28,Baixa,Baixa,-1.77,0.61,1
2024-10-29,Baixa,Baixa,-2.83,-0.22,0
2024-10-30,Baixa,Baixa,-2.49,-0.20,0
2024-10-31,Baixa,Baixa,-2.86,-0.81,0
2024-11-01,Baixa,Baixa,-3.23,-0.68,0
2024-11-04,Baixa,Baixa,-3.96,-0.07,0
2024-11-05,Baixa,Baixa,-3.27,0.18,1
2024-11-06,Baixa,Baixa,-3.28,0.29,2
2024-11-07,Baixa,Baixa,-2.94,0.32,3
2024-11-08,Alta,Baixa,-2.22,-0.46,0
2024-11-11,Baixa,Baixa,-1.50,-0.95,0
2024-11-12,Alta,Baixa,-1.13,0.77,1
2024-11-13,Alta,Baixa,-0.75,0.45,2
2024-11-14,Alta,Alta,-0.38,-0.16,0
2024-11-15,Baixa,Baixa,-0.38,-0.42,0
2024-11-18,Alta,Baixa,0.38,0.02,1
2024-11-19,Baixa,Baixa,1.14,-0.35,0
2024-11-20,Baixa,Baixa,1.52,-0.61,0
2024-11-21,Baixa,Baixa,1.90,0.10,1
2024-11-22,Alta,Baixa,1.90,0.75,2
2024-11-25,Alta,Alta,1.89,0.74,3
2024-11-26,Alta,Baixa,1.13,-0.66,0
2024-11-27,Alta,Alta,1.50,0.52,1
2024-11-29,Alta,Alta,2.61,0.73,2
2024-12-02,Alta,Alta,3.73,-0.52,0
2024-12-03,Alta,Alta,4.46,-0.40,0
2024-12-04,Alta,Alta,5.58,-0.03,0
2024-12-05,Baixa,Alta,5.54,-0.55,0
2024-12-06,Alta,Alta,5.09,0.71,1
2024-12-09,Alta,Alta,5.40,0.07,2
2024-12-10,Alta,Alta,5.69,0.22,3
2024-12-11,Alta,Alta,5.99,0.00,0
2024-12-12,Baixa,Alta,5.59,-0.57,0
2024-12-13,Alta,Alta,5.19,0.58,1
2024-12-16,Alta,Alta,4.78,0.24,2
2024-12-17,Baixa,Alta,4.04,-0.63,0
2024-12-18,Baixa,Alta,2.99,-0.27,0
2024-12-19,Alta,Alta,3.31,-0.58,0
2024-12-20,Alta,Alta,2.96,0.04,1
2024-12-23,Alta,Alta,2.61,-0.31,0
2024-12-24,Alta,Alta,2.59,-0.48,0
2024-12-26,Alta,Alta,3.55,0.32,1
2024-12-27,Alta,Alta,3.85,-0.45,0
2024-12-30,Baixa,Alta,4.47,-0.57,0
2024-12-31,Baixa,Alta,4.44,-0.83,0
2025-01-02,Baixa,Alta,4.73,0.10,1
2025-01-03,Alta,Alta,4.05,0.73,2
2025-01-06,Baixa,Alta,4.01,-0.32,0
2025-01-07,Baixa,Alta,3.98,0.16,1
2025-01-08,Baixa,Baixa,3.65,-0.87,0
2025-01-10,Baixa,Alta,3.31,0.10,1
2025-01-13,Baixa,Baixa,2.99,-0.18,0
2025-01-14,Baixa,Alta,2.67,0.30,1
2025-01-15,Baixa,Alta,2.65,-0.42,0
2025-01-16,Baixa,Baixa,2.93,-0.16,0
2025-01-17,Baixa,Baixa,2.92,-0.71,0
2025-01-21,Baixa,Baixa,3.20,-0.79,0
2025-01-22,Baixa,Baixa,2.89,-0.22,0
2025-01-23,Baixa,Baixa,2.29,-0.50,0
2025-01-24,Alta,Alta,2.56,0.73,1
2025-01-27,Alta,Baixa,2.55,-0.83,0
2025-01-28,Alta,Baixa,2.54,0.85,1
2025-01-29,Alta,Baixa,2.81,-0.85,0
2025-01-30,Alta,Baixa,2.80,0.00,0
2025-01-31,Baixa,Baixa,2.50,-0.32,0
2025-02-03,Baixa,Baixa,2.21,0.00,0
2025-02-04,Baixa,Baixa,2.20,0.65,1
2025-02-05,Alta,Baixa,2.19,0.45,2
2025-02-06,Alta,Baixa,2.45,-0.07,0
2025-02-07,Baixa,Baixa,2.44,-0.67,0
2025-02-10,Baixa,Baixa,2.16,-0.22,0
2025-02-11,Baixa,Baixa,1.88,-0.21,0
2025-02-12,Baixa,Baixa,1.60,0.35,1
2025-02-13,Baixa,Baixa,0.53,0.30,2
2025-02-14,Baixa,Baixa,-0.53,-0.69,0
2025-02-18,Baixa,Baixa,-0.53,-0.14,0
2025-02-19,Baixa,Baixa,-1.06,-0.56,0
2025-02-20,Baixa,Baixa,-1.58,-0.04,0
2025-02-21,Baixa,Baixa,-1.59,-0.43,0
2025-02-24,Baixa,Baixa,-1.86,-0.29,0
2025-02-25,Baixa,Baixa,-3.19,-0.78,0
2025-02-26,Baixa,Baixa,-3.73,0.55,1
2025-02-27,Baixa,Baixa,-4.28,-0.30,0
2025-02-28,Baixa,Baixa,-4.84,-0.46,0
2025-03-03,Baixa,Baixa,-5.69,-0.97,0
2025-03-04,Baixa,Baixa,-5.77,0.20,1
2025-03-05,Baixa,Baixa,-5.82,0.78,2
2025-03-06,Alta,Baixa,-6.15,0.50,3
2025-03-07,Alta,Baixa,-6.21,-0.43,0
2025-03-10,Baixa,Baixa,-6.03,-0.25,0
2025-03-11,Alta,Baixa,-5.83,0.47,1
2025-03-12,Alta,Baixa,-6.47,0.08,2
2025-03-13,Alta,Baixa,-6.55,-0.05,0
2025-03-14,Alta,Baixa,-6.63,0.04,1
2025-03-17,Alta,Baixa,-6.12,0.86,2
2025-03-18,Alta,Baixa,-5.57,-0.71,0
2025-03-19,Alta,Alta,-5.03,0.61,1
2025-03-20,Alta,Alta,-4.46,-0.23,0
2025-03-21,Alta,Alta,-4.19,-0.75,0
2025-03-24,Alta,Alta,-3.26,0.71,1
2025-03-25,Alta,Alta,-2.95,-0.22,0
2025-03-26,Alta,Alta,-1.99,-0.89,0
2025-03-27,Baixa,Alta,-1.67,-0.36,0
2025-03-28,Baixa,Baixa,-1.35,-0.94,0
2025-03-31,Baixa,Baixa,-2.02,0.49,1
2025-04-01,Baixa,Baixa,-2.03,-0.85,0
2025-04-02,Baixa,Baixa,-2.70,-0.34,0
2025-04-03,Baixa,Baixa,-2.71,0.20,1
2025-04-04,Baixa,Baixa,-2.73,-0.08,0
2025-04-07,Baixa,Baixa,-3.09,0.29,1
2025-04-08,Baixa,Baixa,-3.79,-0.26,0
2025-04-09,Alta,Baixa,-3.82,0.63,1
2025-04-10,Alta,Baixa,-4.18,-0.45,0
2025-04-11,Baixa,Baixa,-4.21,-0.52,0
2025-04-14,Alta,Baixa,-3.90,0.48,1
2025-04-15,Alta,Baixa,-3.23,0.68,2
2025-04-16,Alta,Baixa,-2.89,0.00,0
2025-04-17,Alta,Baixa,-2.91,0.65,1
2025-04-21,Alta,Alta,-2.93,-0.12,0
2025-04-22,Alta,Baixa,-2.58,-0.50,0
2025-04-23,Baixa,Baixa,-2.59,-0.83,0
2025-04-24,Alta,Alta,-2.60,0.39,1
2025-04-25,Alta,Alta,-2.25,-0.48,0
2025-04-28,Alta,Alta,-1.89,0.00,0
2025-04-29,Alta,Alta,-1.89,-0.21,0
2025-04-30,Alta,Alta,-1.52,0.44,1
2025-05-01,Alta,Alta,-1.53,0.00,0
2025-05-02,Baixa,Baixa,-1.92,0.09,1
2025-05-05,Baixa,Baixa,-2.31,-0.08,0
2025-05-06,Baixa,Baixa,-2.32,-0.06,0
2025-05-07,Baixa,Baixa,-3.09,-1.00,0
2025-05-08,Baixa,Baixa,-3.10,0.29,1
2025-05-09,Baixa,Baixa,-2.73,-0.20,0
2025-05-12,Baixa,Baixa,-2.36,0.45,1
2025-05-13,Alta,Baixa,-2.37,0.40,2
2025-05-14,Baixa,Baixa,-1.59,-0.60,0
2025-05-15,Alta,Baixa,-1.60,0.55,1
2025-05-16,Alta,Baixa,-1.61,-0.18,0
2025-05-19,Baixa,Baixa,-1.61,-0.75,0
2025-05-20,Baixa,Baixa,-1.62,-0.22,0
2025-05-21,Baixa,Baixa,-2.02,-0.84,0
2025-05-22,Baixa,Baixa,-2.44,-0.46,0
2025-05-23,Baixa,Baixa,-2.45,0.55,1
2025-05-27,Alta,Baixa,-2.46,0.33,2
2025-05-28,Alta,Baixa,-2.88,-0.14,0
2025-05-29,Alta,Baixa,-3.31,-0.47,0
2025-05-30,Alta,Baixa,-3.75,0.00,0
2025-06-02,Alta,Baixa,-4.18,0.45,1
2025-06-03,Alta,Baixa,-5.04,-0.54,0
2025-06-04,Alta,Baixa,-5.08,0.70,1
2025-06-05,Alta,Alta,-4.70,0.35,2
2025-06-06,Alta,Alta,-3.46,0.98,3
2025-06-09,Alta,Alta,-2.62,0.00,0
2025-06-10,Alta,Alta,-0.44,0.01,1
2025-06-11,Baixa,Alta,0.45,0.20,2
2025-06-12,Baixa,Alta,0.90,-0.27,0
2025-06-13,Baixa,Alta,0.90,-0.44,0
2025-06-16,Baixa,Alta,1.35,-0.33,0
2025-06-17,Baixa,Alta,0.44,-0.81,0
2025-06-18,Baixa,Alta,0.44,0.25,1
2025-06-20,Alta,Alta,1.33,0.58,2
2025-06-23,Alta,Alta,1.78,-0.77,0
2025-06-24,Alta,Alta,1.33,-0.25,0
2025-06-25,Alta,Alta,2.21,0.82,1
2025-06-26,Alta,Alta,2.21,0.00,0
2025-06-27,Alta,Alta,1.75,0.17,1
2025-06-30,Alta,Alta,1.75,0.61,2
2025-07-01,Alta,Alta,2.62,0.15,3
2025-07-02,Alta,Alta,1.73,-0.70,0
2025-07-03,Alta,Alta,2.60,0.05,1
2025-07-07,Alta,Alta,2.59,0.62,2
2025-07-08,Alta,Alta,3.00,-0.21,0
2025-07-09,Alta,Alta,2.55,-0.39,0
2025-07-10,Alta,Alta,3.40,0.93,1
2025-07-11,Alta,Alta,3.38,0.08,2
2025-07-14,Baixa,Alta,3.78,-0.58,0
2025-07-15,Baixa,Alta,3.33,-0.31,0
2025-07-16,Alta,Alta,5.81,0.69,1
2025-07-17,Alta,Alta,9.05,0.82,2
2025-07-18,Alta,Alta,11.43,0.08,3
2025-07-21,Alta,Alta,13.77,-0.12,0
2025-07-22,Alta,Alta,16.53,-0.87,0
2025-07-23,Alta,Alta,16.86,0.37,1
2025-07-24,Alta,Alta,15.47,-0.21,0
2025-07-25,Baixa,Alta,15.02,-0.27,0
2025-07-28,Baixa,Alta,14.23,-0.88,0
2025-07-29,Baixa,Alta,12.80,-0.83,0
2025-07-30,Baixa,Alta,11.74,-0.14,0
2025-07-31,Baixa,Alta,10.78,0.43,1
2025-08-01,Baixa,Alta,10.19,0.67,2
2025-08-04,Alta,Alta,9.97,0.29,3
2025-08-05,Alta,Alta,10.43,-0.19,0
2025-08-06,Baixa,Alta,10.21,-0.88,0
2025-08-07,Baixa,Alta,10.03,-0.21,0
2025-08-08,Baixa,Alta,9.54,-0.32,0
2025-08-11,Baixa,Alta,9.35,-0.23,0
2025-08-12,Baixa,Alta,8.89,-0.39,0
2025-08-13,Baixa,Alta,8.17,-0.31,0
2025-08-14,Baixa,Alta,7.77,-0.56,0
2025-08-15,Baixa,Alta,7.39,-0.41,0
2025-08-18,Baixa,Alta,6.22,0.56,1
2025-08-19,Baixa,Baixa,5.36,-0.96,0
2025-08-20,Baixa,Alta,4.28,0.48,1
2025-08-21,Baixa,Baixa,3.23,-0.88,0
2025-08-22,Alta,Alta,2.95,0.88,1
2025-08-25,Alta,Alta,2.93,-0.63,0
2025-08-26,Alta,Alta,3.39,0.98,1
2025-08-27,Alta,Alta,4.11,-0.69,0
2025-08-28,Alta,Alta,5.30,0.44,1
2025-08-29,Alta,Alta,5.49,-0.67,0
2025-09-02,Baixa,Alta,5.45,-0.59,0
2025-09-03,Alta,Alta,5.15,0.16,1
2025-09-04,Baixa,Baixa,5.10,-0.79,0
2025-09-05,Baixa,Baixa,4.35,-0.59,0
2025-09-08,Baixa,Baixa,3.85,0.72,1
2025-09-09,Alta,Baixa,4.04,0.15,2
2025-09-10,Alta,Alta,3.79,0.54,3
2025-09-11,Alta,Alta,3.53,0.32,4
2025-09-12,Alta,Alta,3.95,0.50,5
2025-09-15,Alta,Alta,4.14,-0.27,0
2025-09-16,Alta,Alta,4.10,0.17,1
2025-09-17,Alta,Alta,4.08,-0.34,0
2025-09-18,Alta,Alta,4.26,0.66,1
2025-09-19,Alta,Alta,4.22,0.77,2
2025-09-22,Alta,Alta,4.39,0.49,3
2025-09-23,Alta,Alta,4.56,-0.64,0
2025-09-24,Alta,Alta,4.95,0.06,1
2025-09-25,Alta,Alta,4.50,0.12,2
2025-09-26,Alta,Alta,3.24,0.51,3
2025-09-29,Alta,Alta,2.81,-0.04,0
2025-09-30,Alta,Alta,2.58,-0.07,0
2025-10-01,Alta,Alta,2.95,0.51,1
2025-10-02,Alta,Alta,4.11,0.40,2
2025-10-03,Alta,Alta,5.88,-0.27,0
2025-10-06,Alta,Alta,6.63,-0.82,0
2025-10-07,Alta,Alta,7.93,0.88,1
2025-10-08,Alta,Alta,8.97,-0.23,0
2025-10-09,Alta,Alta,10.53,0.76,1
2025-10-10,Alta,Alta,11.30,-0.83,0
2025-10-13,Alta,Alta,13.16,0.41,1
2025-10-14,Alta,Alta,13.80,0.13,2
2025-10-15,Baixa,Alta,13.49,-0.72,0
2025-10-16,Baixa,Alta,11.73,-0.85,0
2025-10-17,Baixa,Alta,10.82,0.25,1
2025-10-20,Baixa,Alta,8.72,-0.79,0
2025-10-21,Baixa,Alta,7.24,0.20,1
2025-10-22,Baixa,Alta,6.33,-0.33,0
2025-10-23,Baixa,Alta,5.94,-0.10,0
2025-10-24,Alta,Alta,6.01,0.81,1
2025-10-27,Alta,Alta,6.39,-0.48,0
2025-10-28,Baixa,Alta,6.46,-0.30,0
2025-10-29,Baixa,Alta,6.53,-0.49,0
2025-10-30,Alta,Alta,7.04,0.62,1
2025-10-31,Alta,Alta,7.51,0.76,2
2025-11-03,Alta,Alta,7.54,-0.72,0
2025-11-04,Baixa,Alta,7.45,-0.24,0
2025-11-05,Baixa,Alta,7.22,-0.08,0
2025-11-06,Baixa,Baixa,6.58,-0.87,0
2025-11-07,Baixa,Alta,5.40,0.75,1
2025-11-10,Baixa,Alta,4.81,-0.80,0
2025-11-11,Baixa,Baixa,4.49,0.07,1
2025-11-12,Baixa,Baixa,4.32,-0.49,0
2025-11-13,Baixa,Baixa,4.03,-0.53,0
2025-11-14,Baixa,Baixa,3.88,0.35,1
2025-11-17,Baixa,Baixa,3.47,-0.43,0
2025-11-18,Baixa,Baixa,3.07,0.81,1
2025-11-19,Baixa,Baixa,2.80,0.49,2
2025-11-20,Alta,Baixa,2.66,-0.60,0
2025-11-21,Baixa,Baixa,2.41,-0.73,0
2025-11-24,Alta,Baixa,2.40,0.79,1
2025-11-25,Alta,Baixa,2.50,-0.20,0
2025-11-26,Alta,Baixa,2.37,-0.58,0
2025-11-28,Alta,Baixa,2.36,-0.21,0
2025-12-01,Baixa,Baixa,2.12,-0.64,0
2025-12-02,Baixa,Baixa,1.75,0.18,1
2025-12-03,Alta,Baixa,1.51,0.74,2
2025-12-04,Alta,Baixa,1.50,0.69,3
2025-12-05,Alta,Baixa,1.38,-0.61,0
2025-12-08,Alta,Baixa,1.50,-0.37,0
2025-12-09,Baixa,Baixa,1.49,0.13,1
2025-12-10,Baixa,Baixa,0.92,-0.07,0
2025-12-11,Baixa,Baixa,0.11,0.35,1
2025-12-12,Baixa,Baixa,-0.91,-0.68,0
2025-12-15,Baixa,Baixa,-2.04,-0.90,0
2025-12-16,Baixa,Baixa,-2.83,0.67,1
2025-12-17,Baixa,Baixa,-3.63,-0.74,0
2025-12-18,Baixa,Baixa,-4.44,-0.10,0
2025-12-19,Alta,Baixa,-5.05,0.87,1
2025-12-22,Alta,Baixa,-5.09,0.32,2
2025-12-23,Alta,Baixa,-5.83,0.39,3
2025-12-24,Alta,Alta,-6.01,0.06,4
2025-12-26,Alta,Baixa,-5.96,-0.92,0
2025-12-29,Baixa,Baixa,-5.31,-0.13,0
2025-12-30,Baixa,Baixa,-5.12,-0.30,0
2025-12-31,Baixa,Baixa,-4.08,0.41,1
2026-01-02,Baixa,Baixa,-3.26,0.41,2
2026-01-05,Alta,Alta,-2.28,0.59,3
2026-01-06,Alta,Alta,-1.53,0.44,4
2026-01-07,Alta,Alta,-1.16,-0.36,0
2026-01-08,Alta,Alta,-0.77,0.59,1
2026-01-09,Alta,Alta,-0.26,-0.14,0
2026-01-12,Alta,Alta,0.26,0.10,1
2026-01-13,Alta,Alta,0.13,-0.47,0
2026-01-14,Alta,Alta,0.13,0.01,1
2026-01-15,Baixa,Alta,0.13,-0.73,0
2026-01-16,Alta,Alta,0.13,0.18,1
2026-01-20,Baixa,Alta,-0.13,0.18,2
2026-01-21,Baixa,Alta,0.26,-0.31,0
2026-01-22,Alta,Alta,0.91,0.55,1
2026-01-23,Alta,Alta,1.30,-0.08,0
2026-01-26,Baixa,Alta,1.17,-0.91,0
2026-01-27,Baixa,Alta,1.17,0.51,1
2026-01-28,Baixa,Alta,1.03,-0.45,0
2026-01-29,Baixa,Alta,1.16,-0.59,0
2026-01-30,Baixa,Baixa,0.90,-0.42,0
2026-02-02,Baixa,Baixa,1.28,0.08,1
2026-02-03,Alta,Alta,1.41,0.30,2
2026-02-04,Baixa,Baixa,1.15,-0.74,0
2026-02-05,Baixa,Baixa,0.64,-0.68,0
2026-02-06,Baixa,Baixa,0.51,0.77,1
2026-02-09,Alta,Baixa,0.25,0.40,2
2026-02-10,Baixa,Baixa,-0.13,-0.93,0
2026-02-11,Baixa,Baixa,-0.25,-0.60,0
2026-02-12,Baixa,Baixa,-0.13,-0.37,0
2026-02-13,Baixa,Baixa,-0.13,0.15,1
2026-02-17,Baixa,Baixa,-0.38,0.30,2
2026-02-18,Alta,Baixa,-0.38,0.51,3
2026-02-19,Alta,Baixa,-0.25,-0.35,0
2026-02-20,Alta,Alta,-0.25,0.46,1
2026-02-23,Alta,Alta,-0.13,0.04,2
2026-02-24,Alta,Baixa,0.13,-0.50,0
2026-02-25,Alta,Alta,0.51,0.56,1
2026-02-26,Baixa,Baixa,0.38,-0.74,0
2026-02-27,Baixa,Baixa,0.51,-0.88,0
2026-03-02,Baixa,Baixa,0.51,0.42,1
2026-03-03,Baixa,Baixa,0.63,-0.69,0
2026-03-04,Baixa,Baixa,0.51,-0.41,0
2026-03-05,Baixa,Baixa,0.38,-0.18,0
2026-03-06,Baixa,Baixa,0.00,0.06,1
2026-03-09,Baixa,Baixa,-0.63,-0.50,0
2026-03-10,Baixa,Baixa,-1.26,0.20,1
2026-03-11,Baixa,Baixa,-1.63,0.46,2
2026-03-12,Alta,Baixa,-1.51,0.02,3
2026-03-13,Baixa,Baixa,-1.26,-0.60,0
2026-03-16,Baixa,Baixa,-0.89,-0.21,0
2026-03-17,Alta,Baixa,-0.76,0.50,1
2026-03-18,Alta,Baixa,-0.89,-0.67,0
2026-03-19,Baixa,Baixa,-1.15,-0.03,0
2026-03-20,Baixa,Baixa,-1.92,-0.90,0
2026-03-23,Baixa,Baixa,-2.56,0.81,1
2026-03-24,Baixa,Baixa,-3.08,0.74,2
2026-03-25,Baixa,Baixa,-3.99,-0.74,0
2026-03-26,Baixa,Baixa,-4.92,-0.52,0
2026-03-27,Baixa,Baixa,-5.48,-0.52,0
2026-03-30,Baixa,Baixa,-6.04,-0.56,0
2026-03-31,Baixa,Baixa,-6.62,0.71,1
2026-04-01,Baixa,Baixa,-6.58,-0.59,0
2026-04-02,Alta,Baixa,-6.26,0.89,1
2026-04-06,Alta,Baixa,-6.21,-0.59,0
2026-04-07,Alta,Baixa,-6.15,-0.44,0
2026-04-08,Alta,Baixa,-5.67,-0.38,0
2026-04-09,Baixa,Baixa,-5.46,-0.39,0
2026-04-10,Alta,Baixa,-5.37,0.66,1
2026-04-13,Alta,Baixa,-4.85,0.02,2
2026-04-14,Alta,Baixa,-4.02,0.74,3
2026-04-15,Alta,Baixa,-3.61,0.61,4
2026-04-16,Alta,Baixa,-3.19,0.35,5
2026-04-17,Alta,Baixa,-2.76,-0.66,0
2026-04-20,Alta,Baixa,-2.16,-0.14,0
2026-04-21,Alta,Baixa,-2.17,0.12,1
2026-04-22,Alta,Alta,-2.18,0.81,2
2026-04-23,Alta,Baixa,-1.73,-0.58,0
2026-04-24,Baixa,Baixa,-1.58,-0.85,0
2026-04-27,Baixa,Baixa,-1.90,-0.41,0
2026-04-28,Baixa,Baixa,-1.90,-0.68,0
2026-04-29,Baixa,Baixa,-2.07,-0.66,0
2026-04-30,Baixa,Baixa,-2.72,0.72,1
2026-05-01,Baixa,Baixa,-3.04,-0.39,0
2026-05-04,Baixa,Baixa,-3.54,-0.44,0
2026-05-05,Baixa,Baixa,-3.88,-0.19,0
2026-05-06,Alta,Baixa,-4.07,0.74,1
2026-05-07,Baixa,Baixa,-4.27,-0.82,0
2026-05-08,Alta,Baixa,-4.13,0.18,1
2026-05-11,Alta,Baixa,-3.51,0.33,2
2026-05-12,Alta,Baixa,-3.20,-0.09,0
2026-05-13,Baixa,Baixa,-3.06,-0.04,0
2026-05-14,Alta,Baixa,-2.40,0.55,1
2026-05-15,Baixa,Baixa,-2.41,-0.55,0
2026-05-18,Baixa,Baixa,-2.42,-0.31,0
2026-05-19,Baixa,Baixa,-2.26,0.10,1
2026-05-20,Alta,Baixa,-1.93,0.25,2
2026-05-21,Alta,Alta,-1.76,0.96,3
2026-05-22,Alta,Alta,-1.24,0.22,4
2026-05-26,Alta,Alta,-0.89,0.32,5
2026-05-27,Alta,Alta,-0.36,0.28,6
2026-05-28,Alta,Alta,0.36,0.37,7
2026-05-29,Alta,Alta,0.72,-0.56,0
2026-06-01,Alta,Alta,1.07,-0.29,0
2026-06-02,Alta,Alta,1.79,-0.06,0
2026-06-03,Baixa,Alta,1.96,-0.55,0
